{
    "criteria": {
        "1": {
            "trigger": "item_used_on_block",
            "conditions": {
                "location": [
                    {
                        "condition": "match_tool",
                        "predicate": {
                            "items": "#dc:spawn_eggs"
                        }
                    },
                    {
                        "condition": "reference",
                        "name": "dc:place"
                    }
                ]
            }
        }
    },
    "rewards": {
        "function": "dc:construct/player_detect"
    }
}
