{
    "criteria": {
        "1":{
            "trigger": "item_used_on_block",
            "conditions": {
                "location": [
                    {
                        "condition": "match_tool",
                        "predicate": {
                            "item": {
                                "items": ["#dc:spawn_eggs"],
                                "components":{
                                    "entity_data":{
                                        "id":"minecraft:marker","Tags":["dc_place"]}
                                }
                            }
                        }
                    }
                ]
            }
        }
    },
    "rewards": {
        "function": "dc:construct/player_detect"
    }
}